"Year","State","Population_in_Thousands"
"1958","AK",224
"1959","AK",224
"1960","AK",229
"1961","AK",238
"1962","AK",246
"1963","AK",256
"1964","AK",263
"1965","AK",271
"1966","AK",271
"1967","AK",278
"1968","AK",285
"1969","AK",296
"1970","AK",302.583
"1971","AK",315.51
"1972","AK",324.464
"1973","AK",330.543
"1974","AK",341.063
"1975","AK",376.17
"1976","AK",400.969
"1977","AK",403.436
"1978","AK",404.766
"1979","AK",402.753
"1980","AK",405.315
"1981","AK",418.491
"1982","AK",449.606
"1983","AK",488.417
"1984","AK",513.702
"1985","AK",532.495
"1986","AK",544.268
"1987","AK",539.309
"1988","AK",541.983
"1989","AK",547.159
"1990","AK",553.12
"1991","AK",569.273
"1992","AK",587.073
"1993","AK",596.993
"1994","AK",600.624
"1995","AK",601.345
"1996","AK",604.918
"1997","AK",608.846
"1998","AK",615.205
"1999","AK",619.5
"2000","AK",627.963
"2001","AK",633.714
"2002","AK",642.337
"2003","AK",648.414
"2004","AK",659.286
"2005","AK",666.946
"2006","AK",675.302
"2007","AK",680.3
"2008","AK",687.455
"2009","AK",698.895
"2010","AK",713.91
"2011","AK",722.128
"2012","AK",730.443
"2013","AK",737.068
"2014","AK",736.283
"2015","AK",737.498
"2016","AK",741.456
"2017","AK",739.7
"2018","AK",735.139
"2019","AK",731.545
"1958","AL",3163
"1959","AL",3204
"1960","AL",3274
"1961","AL",3316
"1962","AL",3323
"1963","AL",3358
"1964","AL",3395
"1965","AL",3443
"1966","AL",3464
"1967","AL",3458
"1968","AL",3446
"1969","AL",3440
"1970","AL",3444.354
"1971","AL",3497.076
"1972","AL",3539.4
"1973","AL",3579.78
"1974","AL",3626.499
"1975","AL",3678.814
"1976","AL",3735.139
"1977","AL",3780.403
"1978","AL",3831.836
"1979","AL",3866.248
"1980","AL",3900.368
"1981","AL",3918.531
"1982","AL",3925.266
"1983","AL",3934.102
"1984","AL",3951.82
"1985","AL",3972.523
"1986","AL",3991.569
"1987","AL",4015.264
"1988","AL",4023.844
"1989","AL",4030.222
"1990","AL",4048.508
"1991","AL",4091.025
"1992","AL",4139.269
"1993","AL",4193.114
"1994","AL",4232.965
"1995","AL",4262.731
"1996","AL",4290.403
"1997","AL",4320.281
"1998","AL",4351.037
"1999","AL",4369.862
"2000","AL",4452.173
"2001","AL",4467.634
"2002","AL",4480.089
"2003","AL",4503.491
"2004","AL",4530.729
"2005","AL",4569.805
"2006","AL",4628.981
"2007","AL",4672.84
"2008","AL",4718.206
"2009","AL",4757.938
"2010","AL",4785.437
"2011","AL",4799.069
"2012","AL",4815.588
"2013","AL",4830.081
"2014","AL",4841.799
"2015","AL",4852.347
"2016","AL",4863.525
"2017","AL",4874.486
"2018","AL",4887.681
"2019","AL",4903.185
"1958","AR",1726
"1959","AR",1756
"1960","AR",1789
"1961","AR",1806
"1962","AR",1853
"1963","AR",1875
"1964","AR",1897
"1965","AR",1894
"1966","AR",1899
"1967","AR",1901
"1968","AR",1902
"1969","AR",1913
"1970","AR",1923.322
"1971","AR",1972.312
"1972","AR",2018.638
"1973","AR",2059.256
"1974","AR",2101.403
"1975","AR",2159.526
"1976","AR",2170.161
"1977","AR",2209.01
"1978","AR",2243.127
"1979","AR",2271.333
"1980","AR",2288.738
"1981","AR",2293.201
"1982","AR",2294.257
"1983","AR",2305.761
"1984","AR",2319.768
"1985","AR",2327.046
"1986","AR",2331.984
"1987","AR",2342.355
"1988","AR",2342.656
"1989","AR",2346.358
"1990","AR",2354.343
"1991","AR",2370.666
"1992","AR",2394.098
"1993","AR",2423.743
"1994","AR",2450.605
"1995","AR",2480.121
"1996","AR",2504.858
"1997","AR",2524.007
"1998","AR",2538.202
"1999","AR",2551.373
"2000","AR",2678.588
"2001","AR",2691.571
"2002","AR",2705.927
"2003","AR",2724.816
"2004","AR",2749.686
"2005","AR",2781.097
"2006","AR",2821.761
"2007","AR",2848.65
"2008","AR",2874.554
"2009","AR",2896.843
"2010","AR",2921.964
"2011","AR",2940.667
"2012","AR",2952.164
"2013","AR",2959.4
"2014","AR",2967.392
"2015","AR",2978.048
"2016","AR",2989.918
"2017","AR",3001.345
"2018","AR",3009.733
"2019","AR",3017.804
"1958","AZ",1193
"1959","AZ",1261
"1960","AZ",1321
"1961","AZ",1407
"1962","AZ",1471
"1963","AZ",1521
"1964","AZ",1556
"1965","AZ",1584
"1966","AZ",1614
"1967","AZ",1646
"1968","AZ",1682
"1969","AZ",1737
"1970","AZ",1775.399
"1971","AZ",1895.814
"1972","AZ",2008.291
"1973","AZ",2124.438
"1974","AZ",2223.196
"1975","AZ",2284.847
"1976","AZ",2346.157
"1977","AZ",2425.197
"1978","AZ",2515.316
"1979","AZ",2635.571
"1980","AZ",2737.774
"1981","AZ",2810.107
"1982","AZ",2889.861
"1983","AZ",2968.925
"1984","AZ",3067.135
"1985","AZ",3183.538
"1986","AZ",3308.262
"1987","AZ",3437.103
"1988","AZ",3535.183
"1989","AZ",3622.185
"1990","AZ",3679.056
"1991","AZ",3762.394
"1992","AZ",3867.333
"1993","AZ",3993.39
"1994","AZ",4147.561
"1995","AZ",4306.908
"1996","AZ",4432.308
"1997","AZ",4552.207
"1998","AZ",4667.277
"1999","AZ",4778.332
"2000","AZ",5160.586
"2001","AZ",5273.477
"2002","AZ",5396.255
"2003","AZ",5510.364
"2004","AZ",5652.404
"2005","AZ",5839.077
"2006","AZ",6029.141
"2007","AZ",6167.681
"2008","AZ",6280.362
"2009","AZ",6343.154
"2010","AZ",6407.172
"2011","AZ",6472.643
"2012","AZ",6554.978
"2013","AZ",6632.764
"2014","AZ",6730.413
"2015","AZ",6829.676
"2016","AZ",6941.072
"2017","AZ",7044.008
"2018","AZ",7158.024
"2019","AZ",7278.717
"1958","CA",14880
"1959","CA",15467
"1960","CA",15870
"1961","CA",16497
"1962","CA",17072
"1963","CA",17668
"1964","CA",18151
"1965","CA",18585
"1966","CA",18858
"1967","CA",19176
"1968","CA",19394
"1969","CA",19711
"1970","CA",19971.069
"1971","CA",20345.939
"1972","CA",20585.469
"1973","CA",20868.728
"1974","CA",21173.865
"1975","CA",21537.849
"1976","CA",21935.909
"1977","CA",22352.396
"1978","CA",22835.958
"1979","CA",23256.88
"1980","CA",23800.8
"1981","CA",24285.933
"1982","CA",24820.009
"1983","CA",25360.026
"1984","CA",25844.393
"1985","CA",26441.109
"1986","CA",27102.237
"1987","CA",27777.158
"1988","CA",28464.249
"1989","CA",29218.164
"1990","CA",29950.111
"1991","CA",30414.114
"1992","CA",30875.92
"1993","CA",31147.208
"1994","CA",31317.179
"1995","CA",31493.525
"1996","CA",31780.829
"1997","CA",32217.708
"1998","CA",32682.794
"1999","CA",33145.121
"2000","CA",33987.977
"2001","CA",34479.458
"2002","CA",34871.843
"2003","CA",35253.159
"2004","CA",35574.576
"2005","CA",35827.943
"2006","CA",36021.202
"2007","CA",36250.311
"2008","CA",36604.337
"2009","CA",36961.229
"2010","CA",37319.502
"2011","CA",37638.369
"2012","CA",37948.8
"2013","CA",38260.787
"2014","CA",38596.972
"2015","CA",38918.045
"2016","CA",39167.117
"2017","CA",39358.497
"2018","CA",39461.588
"2019","CA",39512.223
"1958","CO",1667
"1959","CO",1710
"1960","CO",1769
"1961","CO",1844
"1962","CO",1899
"1963","CO",1936
"1964","CO",1970
"1965","CO",1985
"1966","CO",2007
"1967","CO",2053
"1968","CO",2120
"1969","CO",2166
"1970","CO",2209.596
"1971","CO",2303.524
"1972","CO",2404.619
"1973","CO",2495.868
"1974","CO",2541.406
"1975","CO",2586.192
"1976","CO",2632.306
"1977","CO",2696.14
"1978","CO",2766.748
"1979","CO",2849.234
"1980","CO",2908.803
"1981","CO",2977.898
"1982","CO",3061.564
"1983","CO",3133.63
"1984","CO",3169.992
"1985","CO",3208.723
"1986","CO",3237.45
"1987","CO",3260.48
"1988","CO",3262.281
"1989","CO",3275.818
"1990","CO",3303.862
"1991","CO",3367.567
"1992","CO",3459.995
"1993","CO",3560.884
"1994","CO",3653.91
"1995","CO",3738.061
"1996","CO",3812.716
"1997","CO",3891.293
"1998","CO",3968.967
"1999","CO",4056.133
"2000","CO",4326.921
"2001","CO",4425.687
"2002","CO",4490.406
"2003","CO",4528.732
"2004","CO",4575.013
"2005","CO",4631.888
"2006","CO",4720.423
"2007","CO",4803.868
"2008","CO",4889.73
"2009","CO",4972.195
"2010","CO",5047.349
"2011","CO",5121.108
"2012","CO",5192.647
"2013","CO",5269.035
"2014","CO",5350.101
"2015","CO",5450.623
"2016","CO",5539.215
"2017","CO",5611.885
"2018","CO",5691.287
"2019","CO",5758.736
"1958","CT",2446
"1959","CT",2523
"1960","CT",2544
"1961","CT",2586
"1962","CT",2647
"1963","CT",2727
"1964","CT",2798
"1965","CT",2857
"1966","CT",2903
"1967","CT",2935
"1968","CT",2964
"1969","CT",3000
"1970","CT",3032.217
"1971","CT",3060.938
"1972","CT",3068.699
"1973","CT",3067.814
"1974","CT",3074.047
"1975","CT",3082.5
"1976","CT",3083.335
"1977","CT",3085.722
"1978","CT",3091.627
"1979","CT",3095.917
"1980","CT",3113.174
"1981","CT",3128.836
"1982","CT",3139.013
"1983","CT",3162.354
"1984","CT",3180.014
"1985","CT",3201.131
"1986","CT",3223.74
"1987","CT",3247.291
"1988","CT",3271.953
"1989","CT",3283.403
"1990","CT",3289.056
"1991","CT",3288.64
"1992","CT",3274.997
"1993","CT",3272.325
"1994","CT",3268.346
"1995","CT",3265.293
"1996","CT",3267.03
"1997","CT",3268.514
"1998","CT",3272.563
"1999","CT",3282.031
"2000","CT",3411.777
"2001","CT",3432.835
"2002","CT",3458.749
"2003","CT",3484.336
"2004","CT",3496.094
"2005","CT",3506.956
"2006","CT",3517.46
"2007","CT",3527.27
"2008","CT",3545.579
"2009","CT",3561.807
"2010","CT",3579.114
"2011","CT",3588.283
"2012","CT",3594.547
"2013","CT",3594.841
"2014","CT",3594.524
"2015","CT",3587.122
"2016","CT",3578.141
"2017","CT",3573.297
"2018","CT",3571.52
"2019","CT",3565.287
"1958","DE",433
"1959","DE",441
"1960","DE",449
"1961","DE",461
"1962","DE",469
"1963","DE",483
"1964","DE",497
"1965","DE",507
"1966","DE",516
"1967","DE",525
"1968","DE",534
"1969","DE",540
"1970","DE",548.104
"1971","DE",564.708
"1972","DE",572.913
"1973","DE",577.759
"1974","DE",581.418
"1975","DE",586.589
"1976","DE",590.166
"1977","DE",591.829
"1978","DE",594.776
"1979","DE",594.984
"1980","DE",594.919
"1981","DE",595.975
"1982","DE",599.148
"1983","DE",605.458
"1984","DE",611.565
"1985","DE",618.28
"1986","DE",627.559
"1987","DE",636.947
"1988","DE",647.622
"1989","DE",658.273
"1990","DE",669.063
"1991","DE",680.495
"1992","DE",690.158
"1993","DE",699.475
"1994","DE",708.416
"1995","DE",718.265
"1996","DE",727.09
"1997","DE",735.024
"1998","DE",744.066
"1999","DE",753.538
"2000","DE",786.373
"2001","DE",795.699
"2002","DE",806.169
"2003","DE",818.003
"2004","DE",830.803
"2005","DE",845.15
"2006","DE",859.268
"2007","DE",871.749
"2008","DE",883.874
"2009","DE",891.73
"2010","DE",899.593
"2011","DE",907.381
"2012","DE",915.179
"2013","DE",923.576
"2014","DE",932.487
"2015","DE",941.252
"2016","DE",948.921
"2017","DE",956.823
"2018","DE",965.479
"2019","DE",973.764
"1958","FL",4630
"1959","FL",4808
"1960","FL",5004
"1961","FL",5243
"1962","FL",5458
"1963","FL",5628
"1964","FL",5781
"1965","FL",5954
"1966","FL",6104
"1967","FL",6242
"1968","FL",6433
"1969","FL",6641
"1970","FL",6791.418
"1971","FL",7158.304
"1972","FL",7511.463
"1973","FL",7913.696
"1974","FL",8298.762
"1975","FL",8518.422
"1976","FL",8667.379
"1977","FL",8856.183
"1978","FL",9102.032
"1979","FL",9426.159
"1980","FL",9839.835
"1981","FL",10192.774
"1982","FL",10471.407
"1983","FL",10749.851
"1984","FL",11039.925
"1985","FL",11351.118
"1986","FL",11667.505
"1987","FL",11997.283
"1988","FL",12306.395
"1989","FL",12637.715
"1990","FL",13018.365
"1991","FL",13289.497
"1992","FL",13504.775
"1993","FL",13713.593
"1994","FL",13961.798
"1995","FL",14185.403
"1996","FL",14426.911
"1997","FL",14683.35
"1998","FL",14908.23
"1999","FL",15111.244
"2000","FL",16047.515
"2001","FL",16356.966
"2002","FL",16689.37
"2003","FL",17004.085
"2004","FL",17415.318
"2005","FL",17842.038
"2006","FL",18166.99
"2007","FL",18367.842
"2008","FL",18527.305
"2009","FL",18652.644
"2010","FL",18845.537
"2011","FL",19053.237
"2012","FL",19297.822
"2013","FL",19545.621
"2014","FL",19845.911
"2015","FL",20209.042
"2016","FL",20613.477
"2017","FL",20963.613
"2018","FL",21244.317
"2019","FL",21477.737
"1958","GA",3804
"1959","GA",3868
"1960","GA",3956
"1961","GA",4015
"1962","GA",4086
"1963","GA",4172
"1964","GA",4258
"1965","GA",4332
"1966","GA",4379
"1967","GA",4408
"1968","GA",4482
"1969","GA",4551
"1970","GA",4587.93
"1971","GA",4711.55
"1972","GA",4809.49
"1973","GA",4910.374
"1974","GA",4999.419
"1975","GA",5064.075
"1976","GA",5132.812
"1977","GA",5219.697
"1978","GA",5295.751
"1979","GA",5401.384
"1980","GA",5486.174
"1981","GA",5568.345
"1982","GA",5649.792
"1983","GA",5728.25
"1984","GA",5834.954
"1985","GA",5962.661
"1986","GA",6084.666
"1987","GA",6208.467
"1988","GA",6316.142
"1989","GA",6411.099
"1990","GA",6506.531
"1991","GA",6621.279
"1992","GA",6759.474
"1993","GA",6894.092
"1994","GA",7045.9
"1995","GA",7188.538
"1996","GA",7332.225
"1997","GA",7486.094
"1998","GA",7636.522
"1999","GA",7788.24
"2000","GA",8227.303
"2001","GA",8377.038
"2002","GA",8508.256
"2003","GA",8622.793
"2004","GA",8769.252
"2005","GA",8925.922
"2006","GA",9155.813
"2007","GA",9349.988
"2008","GA",9504.843
"2009","GA",9620.846
"2010","GA",9711.881
"2011","GA",9802.431
"2012","GA",9901.43
"2013","GA",9972.479
"2014","GA",10067.278
"2015","GA",10178.447
"2016","GA",10301.89
"2017","GA",10410.33
"2018","GA",10511.131
"2019","GA",10617.423
"1958","HI",605
"1959","HI",622
"1960","HI",642
"1961","HI",659
"1962","HI",684
"1963","HI",682
"1964","HI",700
"1965","HI",704
"1966","HI",710
"1967","HI",723
"1968","HI",734
"1969","HI",750
"1970","HI",769.913
"1971","HI",801.644
"1972","HI",828.331
"1973","HI",851.595
"1974","HI",867.978
"1975","HI",886.16
"1976","HI",904.191
"1977","HI",918.259
"1978","HI",931.584
"1979","HI",953.306
"1980","HI",967.71
"1981","HI",978.195
"1982","HI",993.78
"1983","HI",1012.717
"1984","HI",1027.922
"1985","HI",1039.698
"1986","HI",1051.762
"1987","HI",1067.918
"1988","HI",1079.828
"1989","HI",1094.588
"1990","HI",1112.703
"1991","HI",1131.412
"1992","HI",1149.926
"1993","HI",1161.508
"1994","HI",1173.903
"1995","HI",1180.49
"1996","HI",1184.434
"1997","HI",1189.322
"1998","HI",1190.472
"1999","HI",1185.497
"2000","HI",1213.519
"2001","HI",1225.948
"2002","HI",1239.613
"2003","HI",1251.154
"2004","HI",1273.569
"2005","HI",1292.729
"2006","HI",1309.731
"2007","HI",1315.675
"2008","HI",1332.213
"2009","HI",1346.717
"2010","HI",1363.963
"2011","HI",1379.329
"2012","HI",1394.804
"2013","HI",1408.243
"2014","HI",1414.538
"2015","HI",1422.052
"2016","HI",1427.559
"2017","HI",1424.393
"2018","HI",1420.593
"2019","HI",1415.872
"1958","IA",2708
"1959","IA",2729
"1960","IA",2756
"1961","IA",2756
"1962","IA",2750
"1963","IA",2747
"1964","IA",2746
"1965","IA",2742
"1966","IA",2762
"1967","IA",2793
"1968","IA",2803
"1969","IA",2805
"1970","IA",2825.368
"1971","IA",2851.705
"1972","IA",2860.287
"1973","IA",2863.715
"1974","IA",2867.53
"1975","IA",2880.847
"1976","IA",2903.082
"1977","IA",2913.573
"1978","IA",2918.069
"1979","IA",2915.739
"1980","IA",2914.018
"1981","IA",2907.983
"1982","IA",2888.189
"1983","IA",2870.543
"1984","IA",2858.618
"1985","IA",2829.684
"1986","IA",2791.97
"1987","IA",2767.011
"1988","IA",2768.388
"1989","IA",2770.592
"1990","IA",2779.769
"1991","IA",2791.227
"1992","IA",2806.923
"1993","IA",2820.525
"1994","IA",2829.422
"1995","IA",2840.86
"1996","IA",2848.473
"1997","IA",2854.396
"1998","IA",2861.025
"1999","IA",2869.413
"2000","IA",2929.067
"2001","IA",2931.997
"2002","IA",2934.234
"2003","IA",2941.999
"2004","IA",2953.635
"2005","IA",2964.454
"2006","IA",2982.644
"2007","IA",2999.212
"2008","IA",3016.734
"2009","IA",3032.87
"2010","IA",3050.745
"2011","IA",3066.336
"2012","IA",3076.19
"2013","IA",3092.997
"2014","IA",3109.35
"2015","IA",3120.96
"2016","IA",3131.371
"2017","IA",3141.55
"2018","IA",3148.618
"2019","IA",3155.07
"1958","ID",646
"1959","ID",657
"1960","ID",671
"1961","ID",684
"1962","ID",692
"1963","ID",683
"1964","ID",680
"1965","ID",686
"1966","ID",689
"1967","ID",688
"1968","ID",695
"1969","ID",707
"1970","ID",713.015
"1971","ID",738.753
"1972","ID",763.237
"1973","ID",782.074
"1974","ID",807.99
"1975","ID",831.982
"1976","ID",856.983
"1977","ID",883.469
"1978","ID",910.69
"1979","ID",932.627
"1980","ID",947.983
"1981","ID",962.204
"1982","ID",973.721
"1983","ID",981.869
"1984","ID",990.839
"1985","ID",994.051
"1986","ID",990.224
"1987","ID",984.997
"1988","ID",985.664
"1989","ID",994.416
"1990","ID",1011.882
"1991","ID",1038.915
"1992","ID",1066.49
"1993","ID",1101.204
"1994","ID",1135.459
"1995","ID",1165
"1996","ID",1187.706
"1997","ID",1210.638
"1998","ID",1230.923
"1999","ID",1251.7
"2000","ID",1299.43
"2001","ID",1319.962
"2002","ID",1340.372
"2003","ID",1363.38
"2004","ID",1391.802
"2005","ID",1428.241
"2006","ID",1468.669
"2007","ID",1505.105
"2008","ID",1534.32
"2009","ID",1554.439
"2010","ID",1570.746
"2011","ID",1583.91
"2012","ID",1595.324
"2013","ID",1611.206
"2014","ID",1631.112
"2015","ID",1651.059
"2016","ID",1682.38
"2017","ID",1717.715
"2018","ID",1750.536
"2019","ID",1787.065
"1958","IL",9886
"1959","IL",9986
"1960","IL",10086
"1961","IL",10130
"1962","IL",10280
"1963","IL",10402
"1964","IL",10580
"1965","IL",10693
"1966","IL",10836
"1967","IL",10947
"1968","IL",10995
"1969","IL",11039
"1970","IL",11110.285
"1971","IL",11202.397
"1972","IL",11251.948
"1973","IL",11251.367
"1974","IL",11262.145
"1975","IL",11291.743
"1976","IL",11342.853
"1977","IL",11386.316
"1978","IL",11412.561
"1979","IL",11396.837
"1980","IL",11434.702
"1981","IL",11443.458
"1982","IL",11423.412
"1983","IL",11408.818
"1984","IL",11412.132
"1985","IL",11399.806
"1986","IL",11387.257
"1987","IL",11391.178
"1988","IL",11390.183
"1989","IL",11409.782
"1990","IL",11446.979
"1991","IL",11535.973
"1992","IL",11635.197
"1993","IL",11725.984
"1994","IL",11804.986
"1995","IL",11884.935
"1996","IL",11953.003
"1997","IL",12011.509
"1998","IL",12069.774
"1999","IL",12128.37
"2000","IL",12434.161
"2001","IL",12488.445
"2002","IL",12525.556
"2003","IL",12556.006
"2004","IL",12589.773
"2005","IL",12609.903
"2006","IL",12643.955
"2007","IL",12695.866
"2008","IL",12747.038
"2009","IL",12796.778
"2010","IL",12840.503
"2011","IL",12867.454
"2012","IL",12882.51
"2013","IL",12895.129
"2014","IL",12884.493
"2015","IL",12858.913
"2016","IL",12820.527
"2017","IL",12778.828
"2018","IL",12723.071
"2019","IL",12671.821
"1958","IN",4583
"1959","IN",4613
"1960","IN",4674
"1961","IN",4730
"1962","IN",4736
"1963","IN",4799
"1964","IN",4856
"1965","IN",4922
"1966","IN",4999
"1967","IN",5053
"1968","IN",5093
"1969","IN",5143
"1970","IN",5195.392
"1971","IN",5253.396
"1972","IN",5302.435
"1973","IN",5338.277
"1974","IN",5361.89
"1975","IN",5365.766
"1976","IN",5389.088
"1977","IN",5425.638
"1978","IN",5470.214
"1979","IN",5501.174
"1980","IN",5490.721
"1981","IN",5480.435
"1982","IN",5467.922
"1983","IN",5450.395
"1984","IN",5458.322
"1985","IN",5459.211
"1986","IN",5454.108
"1987","IN",5473.012
"1988","IN",5491.735
"1989","IN",5523.693
"1990","IN",5555.097
"1991","IN",5602.062
"1992","IN",5648.649
"1993","IN",5701.965
"1994","IN",5745.626
"1995","IN",5791.819
"1996","IN",5834.908
"1997","IN",5872.37
"1998","IN",5907.617
"1999","IN",5942.901
"2000","IN",6091.866
"2001","IN",6127.76
"2002","IN",6155.967
"2003","IN",6196.638
"2004","IN",6233.007
"2005","IN",6278.616
"2006","IN",6332.669
"2007","IN",6379.599
"2008","IN",6424.806
"2009","IN",6459.325
"2010","IN",6490.432
"2011","IN",6516.528
"2012","IN",6537.703
"2013","IN",6568.713
"2014","IN",6593.644
"2015","IN",6608.422
"2016","IN",6634.304
"2017","IN",6658.078
"2018","IN",6695.497
"2019","IN",6732.219
"1958","KS",2142
"1959","KS",2160
"1960","KS",2183
"1961","KS",2215
"1962","KS",2231
"1963","KS",2217
"1964","KS",2209
"1965","KS",2206
"1966","KS",2200
"1967","KS",2197
"1968","KS",2216
"1969","KS",2236
"1970","KS",2249.071
"1971","KS",2246.6
"1972","KS",2256.375
"1973","KS",2265.603
"1974","KS",2269.499
"1975","KS",2280.578
"1976","KS",2301.001
"1977","KS",2320.647
"1978","KS",2335.657
"1979","KS",2350.906
"1980","KS",2369.039
"1981","KS",2384.849
"1982","KS",2401.202
"1983","KS",2415.531
"1984","KS",2424.086
"1985","KS",2427.405
"1986","KS",2432.619
"1987","KS",2445.367
"1988","KS",2461.996
"1989","KS",2472.849
"1990","KS",2480.683
"1991","KS",2495.209
"1992","KS",2526.042
"1993","KS",2547.605
"1994","KS",2569.118
"1995","KS",2586.942
"1996","KS",2598.266
"1997","KS",2616.339
"1998","KS",2638.667
"1999","KS",2654.052
"2000","KS",2693.681
"2001","KS",2702.162
"2002","KS",2713.535
"2003","KS",2723.004
"2004","KS",2734.373
"2005","KS",2745.299
"2006","KS",2762.931
"2007","KS",2783.785
"2008","KS",2808.076
"2009","KS",2832.704
"2010","KS",2858.19
"2011","KS",2869.225
"2012","KS",2885.257
"2013","KS",2893.212
"2014","KS",2900.475
"2015","KS",2909.011
"2016","KS",2910.844
"2017","KS",2908.718
"2018","KS",2911.359
"2019","KS",2913.314
"1958","KY",2961
"1959","KY",2999
"1960","KY",3041
"1961","KY",3054
"1962","KY",3079
"1963","KY",3096
"1964","KY",3129
"1965","KY",3140
"1966","KY",3147
"1967","KY",3172
"1968","KY",3195
"1969","KY",3198
"1970","KY",3220.711
"1971","KY",3298.053
"1972","KY",3335.728
"1973","KY",3371.024
"1974","KY",3416.315
"1975","KY",3467.769
"1976","KY",3529.257
"1977","KY",3573.693
"1978","KY",3609.976
"1979","KY",3641.804
"1980","KY",3664.221
"1981","KY",3670.394
"1982","KY",3683.445
"1983","KY",3694.484
"1984","KY",3695.453
"1985","KY",3694.826
"1986","KY",3687.809
"1987","KY",3683.329
"1988","KY",3679.999
"1989","KY",3677.306
"1990","KY",3692.584
"1991","KY",3714.686
"1992","KY",3756.358
"1993","KY",3792.288
"1994","KY",3823.215
"1995","KY",3855.248
"1996","KY",3881.051
"1997","KY",3907.816
"1998","KY",3934.31
"1999","KY",3960.825
"2000","KY",4049.021
"2001","KY",4068.132
"2002","KY",4089.875
"2003","KY",4117.17
"2004","KY",4146.101
"2005","KY",4182.742
"2006","KY",4219.239
"2007","KY",4256.672
"2008","KY",4289.878
"2009","KY",4317.074
"2010","KY",4348.181
"2011","KY",4369.821
"2012","KY",4386.346
"2013","KY",4404.659
"2014","KY",4414.349
"2015","KY",4425.976
"2016","KY",4438.182
"2017","KY",4452.268
"2018","KY",4461.153
"2019","KY",4467.673
"1958","LA",3155
"1959","LA",3208
"1960","LA",3260
"1961","LA",3287
"1962","LA",3345
"1963","LA",3377
"1964","LA",3446
"1965","LA",3496
"1966","LA",3550
"1967","LA",3581
"1968","LA",3603
"1969","LA",3619
"1970","LA",3644.637
"1971","LA",3710.487
"1972","LA",3761.646
"1973","LA",3788.375
"1974","LA",3820.109
"1975","LA",3886.104
"1976","LA",3950.605
"1977","LA",4014.459
"1978","LA",4068.579
"1979","LA",4137.665
"1980","LA",4223.101
"1981","LA",4283.303
"1982","LA",4352.608
"1983","LA",4395.316
"1984","LA",4400.477
"1985","LA",4408.118
"1986","LA",4406.919
"1987","LA",4344.148
"1988","LA",4288.863
"1989","LA",4252.894
"1990","LA",4219.179
"1991","LA",4240.95
"1992","LA",4270.849
"1993","LA",4284.749
"1994","LA",4306.5
"1995","LA",4327.978
"1996","LA",4338.763
"1997","LA",4351.39
"1998","LA",4362.758
"1999","LA",4372.035
"2000","LA",4471.885
"2001","LA",4477.875
"2002","LA",4497.267
"2003","LA",4521.042
"2004","LA",4552.238
"2005","LA",4576.628
"2006","LA",4302.665
"2007","LA",4375.581
"2008","LA",4435.586
"2009","LA",4491.648
"2010","LA",4544.532
"2011","LA",4575.625
"2012","LA",4600.972
"2013","LA",4624.527
"2014","LA",4644.013
"2015","LA",4664.628
"2016","LA",4678.135
"2017","LA",4670.56
"2018","LA",4659.69
"2019","LA",4648.794
"1958","MA",5010
"1959","MA",5117
"1960","MA",5160
"1961","MA",5219
"1962","MA",5263
"1963","MA",5344
"1964","MA",5448
"1965","MA",5502
"1966","MA",5535
"1967","MA",5594
"1968","MA",5618
"1969","MA",5650
"1970","MA",5689.17
"1971","MA",5737.58
"1972","MA",5760.302
"1973","MA",5781.172
"1974","MA",5773.548
"1975","MA",5757.756
"1976","MA",5743.672
"1977","MA",5738.199
"1978","MA",5736.469
"1979","MA",5738.404
"1980","MA",5746.075
"1981","MA",5768.685
"1982","MA",5771.222
"1983","MA",5799.407
"1984","MA",5840.773
"1985","MA",5880.733
"1986","MA",5902.678
"1987","MA",5935.204
"1988","MA",5979.982
"1989","MA",6015.478
"1990","MA",6018.664
"1991","MA",5998.652
"1992","MA",5993.474
"1993","MA",6010.884
"1994","MA",6031.352
"1995","MA",6062.335
"1996","MA",6085.393
"1997","MA",6115.476
"1998","MA",6144.407
"1999","MA",6175.169
"2000","MA",6361.104
"2001","MA",6397.634
"2002","MA",6417.206
"2003","MA",6422.565
"2004","MA",6412.281
"2005","MA",6403.29
"2006","MA",6410.084
"2007","MA",6431.559
"2008","MA",6468.967
"2009","MA",6517.613
"2010","MA",6566.307
"2011","MA",6613.583
"2012","MA",6663.005
"2013","MA",6713.315
"2014","MA",6762.596
"2015","MA",6794.228
"2016","MA",6823.608
"2017","MA",6859.789
"2018","MA",6882.635
"2019","MA",6892.503
"1958","MD",2982
"1959","MD",3066
"1960","MD",3113
"1961","MD",3176
"1962","MD",3263
"1963","MD",3386
"1964","MD",3492
"1965","MD",3600
"1966","MD",3695
"1967","MD",3757
"1968","MD",3815
"1969","MD",3868
"1970","MD",3923.897
"1971","MD",4018.324
"1972","MD",4073.499
"1973","MD",4097.974
"1974","MD",4118.815
"1975","MD",4139.096
"1976","MD",4150.539
"1977","MD",4169.595
"1978","MD",4183.603
"1979","MD",4191.16
"1980","MD",4227.643
"1981","MD",4261.905
"1982","MD",4282.923
"1983","MD",4313.327
"1984","MD",4365.243
"1985","MD",4413.071
"1986","MD",4486.957
"1987","MD",4565.557
"1988","MD",4657.904
"1989","MD",4727.301
"1990","MD",4797.431
"1991","MD",4856.176
"1992","MD",4902.545
"1993","MD",4942.504
"1994","MD",4985.411
"1995","MD",5023.65
"1996","MD",5057.142
"1997","MD",5092.914
"1998","MD",5130.072
"1999","MD",5171.634
"2000","MD",5311.034
"2001","MD",5374.691
"2002","MD",5440.389
"2003","MD",5496.269
"2004","MD",5546.935
"2005","MD",5592.379
"2006","MD",5627.367
"2007","MD",5653.408
"2008","MD",5684.965
"2009","MD",5730.388
"2010","MD",5788.645
"2011","MD",5839.419
"2012","MD",5886.992
"2013","MD",5923.188
"2014","MD",5957.283
"2015","MD",5985.562
"2016","MD",6003.323
"2017","MD",6023.868
"2018","MD",6035.802
"2019","MD",6045.68
"1958","ME",944
"1959","ME",957
"1960","ME",975
"1961","ME",995
"1962","ME",994
"1963","ME",993
"1964","ME",993
"1965","ME",997
"1966","ME",999
"1967","ME",1004
"1968","ME",994
"1969","ME",992
"1970","ME",993.722
"1971","ME",1015.39
"1972","ME",1034.292
"1973","ME",1045.655
"1974","ME",1059.04
"1975","ME",1071.995
"1976","ME",1088.412
"1977","ME",1103.578
"1978","ME",1113.566
"1979","ME",1122.563
"1980","ME",1126.86
"1981","ME",1133.033
"1982","ME",1136.684
"1983","ME",1144.772
"1984","ME",1155.635
"1985","ME",1162.936
"1986","ME",1170.126
"1987","ME",1184.574
"1988","ME",1203.84
"1989","ME",1219.961
"1990","ME",1231.296
"1991","ME",1235.439
"1992","ME",1235.748
"1993","ME",1238.256
"1994","ME",1237.687
"1995","ME",1237.438
"1996","ME",1241.436
"1997","ME",1245.215
"1998","ME",1247.554
"1999","ME",1253.04
"2000","ME",1277.072
"2001","ME",1285.692
"2002","ME",1295.96
"2003","ME",1306.513
"2004","ME",1313.688
"2005","ME",1318.787
"2006","ME",1323.619
"2007","ME",1327.04
"2008","ME",1330.509
"2009","ME",1329.59
"2010","ME",1327.629
"2011","ME",1328.284
"2012","ME",1327.729
"2013","ME",1328.009
"2014","ME",1330.513
"2015","ME",1328.262
"2016","ME",1331.317
"2017","ME",1334.612
"2018","ME",1339.057
"2019","ME",1344.212
"1958","MI",7667
"1959","MI",7767
"1960","MI",7834
"1961","MI",7893
"1962","MI",7933
"1963","MI",8058
"1964","MI",8187
"1965","MI",8357
"1966","MI",8512
"1967","MI",8630
"1968","MI",8696
"1969","MI",8781
"1970","MI",8881.826
"1971","MI",8974.186
"1972","MI",9028.944
"1973","MI",9077.956
"1974","MI",9117.507
"1975","MI",9117.668
"1976","MI",9129.205
"1977","MI",9171.11
"1978","MI",9217.761
"1979","MI",9266.268
"1980","MI",9255.553
"1981","MI",9209.287
"1982","MI",9115.198
"1983","MI",9047.754
"1984","MI",9049.452
"1985","MI",9076.293
"1986","MI",9127.775
"1987","MI",9187.481
"1988","MI",9217.998
"1989","MI",9253.295
"1990","MI",9310.462
"1991","MI",9395.022
"1992","MI",9470.323
"1993","MI",9529.24
"1994","MI",9584.481
"1995","MI",9659.871
"1996","MI",9739.184
"1997","MI",9785.45
"1998","MI",9820.231
"1999","MI",9863.775
"2000","MI",9952.45
"2001","MI",9991.12
"2002","MI",10015.71
"2003","MI",10041.152
"2004","MI",10055.315
"2005","MI",10051.137
"2006","MI",10036.081
"2007","MI",10001.284
"2008","MI",9946.889
"2009","MI",9901.591
"2010","MI",9877.51
"2011","MI",9882.412
"2012","MI",9897.145
"2013","MI",9913.065
"2014","MI",9929.848
"2015","MI",9931.715
"2016","MI",9950.571
"2017","MI",9973.114
"2018","MI",9984.072
"2019","MI",9986.857
"1958","MN",3313
"1959","MN",3366
"1960","MN",3425
"1961","MN",3470
"1962","MN",3513
"1963","MN",3531
"1964","MN",3558
"1965","MN",3592
"1966","MN",3617
"1967","MN",3659
"1968","MN",3703
"1969","MN",3758
"1970","MN",3806.103
"1971","MN",3853.486
"1972","MN",3869.747
"1973","MN",3889.332
"1974","MN",3903.925
"1975","MN",3932.515
"1976","MN",3964.68
"1977","MN",3989.364
"1978","MN",4015.341
"1979","MN",4050.316
"1980","MN",4085.017
"1981","MN",4111.728
"1982","MN",4131.45
"1983","MN",4141.456
"1984","MN",4157.706
"1985","MN",4184.302
"1986","MN",4205.212
"1987","MN",4235.136
"1988","MN",4296.166
"1989","MN",4338.057
"1990","MN",4387.283
"1991","MN",4427.429
"1992","MN",4471.503
"1993","MN",4521.709
"1994","MN",4566.028
"1995","MN",4605.445
"1996","MN",4647.723
"1997","MN",4687.726
"1998","MN",4726.411
"1999","MN",4775.508
"2000","MN",4933.692
"2001","MN",4982.796
"2002","MN",5018.935
"2003","MN",5053.572
"2004","MN",5087.713
"2005","MN",5119.598
"2006","MN",5163.555
"2007","MN",5207.203
"2008","MN",5247.018
"2009","MN",5281.203
"2010","MN",5310.828
"2011","MN",5346.143
"2012","MN",5376.643
"2013","MN",5413.479
"2014","MN",5451.079
"2015","MN",5482.032
"2016","MN",5522.744
"2017","MN",5566.23
"2018","MN",5606.249
"2019","MN",5639.632
"1958","MO",4186
"1959","MO",4258
"1960","MO",4326
"1961","MO",4349
"1962","MO",4357
"1963","MO",4392
"1964","MO",4442
"1965","MO",4467
"1966","MO",4523
"1967","MO",4539
"1968","MO",4568
"1969","MO",4640
"1970","MO",4677.623
"1971","MO",4725.764
"1972","MO",4758.78
"1973","MO",4782.645
"1974","MO",4795.93
"1975","MO",4808.308
"1976","MO",4839.029
"1977","MO",4863.173
"1978","MO",4889.399
"1979","MO",4912.43
"1980","MO",4921.966
"1981","MO",4932.064
"1982","MO",4929.451
"1983","MO",4943.733
"1984","MO",4975.278
"1985","MO",5000.268
"1986","MO",5023.068
"1987","MO",5056.696
"1988","MO",5081.736
"1989","MO",5095.83
"1990","MO",5126.37
"1991","MO",5157.77
"1992","MO",5193.686
"1993","MO",5237.757
"1994","MO",5281.206
"1995","MO",5324.61
"1996","MO",5367.888
"1997","MO",5407.113
"1998","MO",5437.562
"1999","MO",5468.338
"2000","MO",5607.285
"2001","MO",5641.142
"2002","MO",5674.825
"2003","MO",5709.403
"2004","MO",5747.741
"2005","MO",5790.3
"2006","MO",5842.704
"2007","MO",5887.612
"2008","MO",5923.916
"2009","MO",5961.088
"2010","MO",5995.974
"2011","MO",6010.275
"2012","MO",6024.367
"2013","MO",6040.715
"2014","MO",6056.202
"2015","MO",6071.732
"2016","MO",6087.135
"2017","MO",6106.67
"2018","MO",6121.623
"2019","MO",6137.428
"1958","MS",2086
"1959","MS",2138
"1960","MS",2182
"1961","MS",2206
"1962","MS",2243
"1963","MS",2244
"1964","MS",2241
"1965","MS",2246
"1966","MS",2245
"1967","MS",2228
"1968","MS",2219
"1969","MS",2220
"1970","MS",2216.994
"1971","MS",2265.432
"1972","MS",2307.117
"1973","MS",2349.546
"1974","MS",2378.268
"1975","MS",2399.449
"1976","MS",2429.756
"1977","MS",2459.201
"1978","MS",2487.816
"1979","MS",2507.069
"1980","MS",2525.342
"1981","MS",2539.036
"1982","MS",2556.777
"1983","MS",2567.717
"1984","MS",2578.051
"1985","MS",2588.102
"1986","MS",2593.597
"1987","MS",2588.545
"1988","MS",2580.352
"1989","MS",2574.269
"1990","MS",2577.426
"1991","MS",2591.23
"1992","MS",2610.193
"1993","MS",2635.574
"1994","MS",2663.45
"1995","MS",2690.788
"1996","MS",2709.925
"1997","MS",2731.826
"1998","MS",2751.335
"1999","MS",2768.619
"2000","MS",2848.353
"2001","MS",2852.994
"2002","MS",2858.681
"2003","MS",2868.312
"2004","MS",2889.01
"2005","MS",2905.943
"2006","MS",2904.978
"2007","MS",2928.35
"2008","MS",2947.806
"2009","MS",2958.774
"2010","MS",2970.548
"2011","MS",2978.731
"2012","MS",2983.816
"2013","MS",2988.711
"2014","MS",2990.468
"2015","MS",2988.471
"2016","MS",2987.938
"2017","MS",2988.51
"2018","MS",2981.02
"2019","MS",2976.149
"1958","MT",666
"1959","MT",669
"1960","MT",679
"1961","MT",696
"1962","MT",698
"1963","MT",703
"1964","MT",706
"1965","MT",706
"1966","MT",707
"1967","MT",701
"1968","MT",700
"1969","MT",694
"1970","MT",694.409
"1971","MT",710.814
"1972","MT",718.732
"1973","MT",726.798
"1974","MT",736.419
"1975","MT",748.208
"1976","MT",757.317
"1977","MT",769.953
"1978","MT",782.317
"1979","MT",787.305
"1980","MT",788.752
"1981","MT",795.328
"1982","MT",803.986
"1983","MT",814.031
"1984","MT",820.905
"1985","MT",822.32
"1986","MT",813.739
"1987","MT",805.063
"1988","MT",800.202
"1989","MT",799.636
"1990","MT",799.824
"1991","MT",807.837
"1992","MT",822.436
"1993","MT",839.876
"1994","MT",854.923
"1995","MT",868.522
"1996","MT",876.656
"1997","MT",878.706
"1998","MT",879.533
"1999","MT",882.779
"2000","MT",903.773
"2001","MT",906.961
"2002","MT",911.667
"2003","MT",919.63
"2004","MT",930.009
"2005","MT",940.102
"2006","MT",952.692
"2007","MT",964.706
"2008","MT",976.415
"2009","MT",983.982
"2010","MT",990.697
"2011","MT",997.316
"2012","MT",1003.783
"2013","MT",1013.569
"2014","MT",1021.869
"2015","MT",1030.475
"2016","MT",1040.859
"2017","MT",1052.482
"2018","MT",1060.665
"2019","MT",1068.778
"1958","NC",4376
"1959","NC",4458
"1960","NC",4573
"1961","NC",4663
"1962","NC",4707
"1963","NC",4742
"1964","NC",4802
"1965","NC",4863
"1966","NC",4896
"1967","NC",4952
"1968","NC",5004
"1969","NC",5031
"1970","NC",5084.411
"1971","NC",5203.531
"1972","NC",5301.15
"1973","NC",5389.852
"1974","NC",5470.911
"1975","NC",5547.188
"1976","NC",5607.964
"1977","NC",5685.607
"1978","NC",5759.492
"1979","NC",5823.491
"1980","NC",5898.98
"1981","NC",5956.653
"1982","NC",6019.101
"1983","NC",6077.056
"1984","NC",6164.006
"1985","NC",6253.954
"1986","NC",6321.578
"1987","NC",6403.7
"1988","NC",6480.594
"1989","NC",6565.459
"1990","NC",6656.987
"1991","NC",6748.135
"1992","NC",6831.85
"1993","NC",6947.412
"1994","NC",7060.959
"1995","NC",7185.403
"1996","NC",7307.658
"1997","NC",7428.672
"1998","NC",7545.828
"1999","NC",7650.789
"2000","NC",8081.614
"2001","NC",8210.122
"2002","NC",8326.201
"2003","NC",8422.501
"2004","NC",8553.152
"2005","NC",8705.407
"2006","NC",8917.27
"2007","NC",9118.037
"2008","NC",9309.449
"2009","NC",9449.566
"2010","NC",9574.323
"2011","NC",9657.592
"2012","NC",9749.476
"2013","NC",9843.336
"2014","NC",9932.887
"2015","NC",10031.646
"2016","NC",10154.788
"2017","NC",10268.233
"2018","NC",10381.615
"2019","NC",10488.084
"1958","ND",606
"1959","ND",618
"1960","ND",634
"1961","ND",641
"1962","ND",637
"1963","ND",644
"1964","ND",649
"1965","ND",649
"1966","ND",647
"1967","ND",626
"1968","ND",621
"1969","ND",621
"1970","ND",617.792
"1971","ND",626.76
"1972","ND",631.119
"1973","ND",632.675
"1974","ND",634.559
"1975","ND",638.886
"1976","ND",645.797
"1977","ND",649.769
"1978","ND",651.301
"1979","ND",652.896
"1980","ND",654.38
"1981","ND",659.505
"1982","ND",668.972
"1983","ND",676.688
"1984","ND",680.497
"1985","ND",676.98
"1986","ND",669.512
"1987","ND",661.136
"1988","ND",655.331
"1989","ND",646.351
"1990","ND",637.364
"1991","ND",634.199
"1992","ND",635.427
"1993","ND",637.229
"1994","ND",639.762
"1995","ND",641.548
"1996","ND",642.858
"1997","ND",640.945
"1998","ND",637.808
"1999","ND",633.666
"2000","ND",642.023
"2001","ND",639.062
"2002","ND",638.168
"2003","ND",638.817
"2004","ND",644.705
"2005","ND",646.089
"2006","ND",649.422
"2007","ND",652.822
"2008","ND",657.569
"2009","ND",664.968
"2010","ND",674.715
"2011","ND",685.225
"2012","ND",701.176
"2013","ND",722.036
"2014","ND",737.401
"2015","ND",754.066
"2016","ND",754.434
"2017","ND",754.942
"2018","ND",758.08
"2019","ND",762.062
"1958","NE",1383
"1959","NE",1397
"1960","NE",1417
"1961","NE",1446
"1962","NE",1464
"1963","NE",1476
"1964","NE",1482
"1965","NE",1471
"1966","NE",1456
"1967","NE",1457
"1968","NE",1467
"1969","NE",1474
"1970","NE",1485.333
"1971","NE",1504.604
"1972","NE",1519.013
"1973","NE",1529.567
"1974","NE",1539.191
"1975","NE",1543.117
"1976","NE",1550.911
"1977","NE",1556.842
"1978","NE",1563.884
"1979","NE",1567.344
"1980","NE",1572.296
"1981","NE",1578.515
"1982","NE",1581.78
"1983","NE",1584.293
"1984","NE",1588.639
"1985","NE",1584.664
"1986","NE",1574.333
"1987","NE",1566.547
"1988","NE",1571.477
"1989","NE",1574.864
"1990","NE",1580.664
"1991","NE",1590.805
"1992","NE",1602.406
"1993","NE",1612.149
"1994","NE",1621.551
"1995","NE",1635.142
"1996","NE",1647.657
"1997","NE",1656.042
"1998","NE",1660.772
"1999","NE",1666.028
"2000","NE",1713.82
"2001","NE",1719.836
"2002","NE",1728.292
"2003","NE",1738.643
"2004","NE",1749.37
"2005","NE",1761.497
"2006","NE",1772.693
"2007","NE",1783.44
"2008","NE",1796.378
"2009","NE",1812.683
"2010","NE",1829.542
"2011","NE",1840.672
"2012","NE",1853.303
"2013","NE",1865.279
"2014","NE",1879.321
"2015","NE",1891.277
"2016","NE",1905.616
"2017","NE",1915.947
"2018","NE",1925.614
"2019","NE",1934.408
"1958","NH",581
"1959","NH",596
"1960","NH",609
"1961","NH",618
"1962","NH",632
"1963","NH",649
"1964","NH",663
"1965","NH",676
"1966","NH",681
"1967","NH",697
"1968","NH",709
"1969","NH",724
"1970","NH",737.681
"1971","NH",761.851
"1972","NH",781.107
"1973","NH",800.951
"1974","NH",815.914
"1975","NH",828.555
"1976","NH",845.248
"1977","NH",869.763
"1978","NH",891.52
"1979","NH",909.074
"1980","NH",924.25
"1981","NH",936.621
"1982","NH",947.719
"1983","NH",958.134
"1984","NH",976.864
"1985","NH",996.753
"1986","NH",1025.053
"1987","NH",1054.289
"1988","NH",1082.577
"1989","NH",1104.522
"1990","NH",1111.831
"1991","NH",1107.055
"1992","NH",1112.766
"1993","NH",1122.191
"1994","NH",1133.054
"1995","NH",1145.604
"1996","NH",1160.768
"1997","NH",1173.239
"1998","NH",1185.823
"1999","NH",1201.134
"2000","NH",1239.882
"2001","NH",1255.517
"2002","NH",1269.089
"2003","NH",1279.84
"2004","NH",1290.121
"2005","NH",1298.492
"2006","NH",1308.389
"2007","NH",1312.54
"2008","NH",1315.906
"2009","NH",1316.102
"2010","NH",1316.762
"2011","NH",1320.202
"2012","NH",1324.232
"2013","NH",1326.622
"2014","NH",1333.341
"2015","NH",1336.35
"2016","NH",1342.307
"2017","NH",1348.787
"2018","NH",1353.465
"2019","NH",1359.711
"1958","NJ",5890
"1959","NJ",6015
"1960","NJ",6103
"1961","NJ",6265
"1962","NJ",6376
"1963","NJ",6531
"1964","NJ",6660
"1965","NJ",6767
"1966","NJ",6851
"1967","NJ",6928
"1968","NJ",7005
"1969","NJ",7095
"1970","NJ",7171.112
"1971","NJ",7281.107
"1972","NJ",7335.042
"1973","NJ",7333.083
"1974","NJ",7332.411
"1975","NJ",7337.765
"1976","NJ",7339.745
"1977","NJ",7337.169
"1978","NJ",7350.804
"1979","NJ",7366.512
"1980","NJ",7376.33
"1981","NJ",7407.472
"1982","NJ",7430.968
"1983","NJ",7467.785
"1984","NJ",7515.473
"1985","NJ",7565.528
"1986","NJ",7622.159
"1987","NJ",7670.742
"1988","NJ",7712.333
"1989","NJ",7726.089
"1990","NJ",7757.158
"1991","NJ",7784.269
"1992","NJ",7827.77
"1993","NJ",7874.891
"1994","NJ",7918.796
"1995","NJ",7965.523
"1996","NJ",8009.624
"1997","NJ",8054.178
"1998","NJ",8095.542
"1999","NJ",8143.412
"2000","NJ",8430.621
"2001","NJ",8492.671
"2002","NJ",8552.643
"2003","NJ",8601.402
"2004","NJ",8634.561
"2005","NJ",8651.974
"2006","NJ",8661.679
"2007","NJ",8677.885
"2008","NJ",8711.09
"2009","NJ",8755.602
"2010","NJ",8799.446
"2011","NJ",8828.117
"2012","NJ",8844.942
"2013","NJ",8856.972
"2014","NJ",8864.525
"2015","NJ",8867.949
"2016","NJ",8870.827
"2017","NJ",8885.525
"2018","NJ",8886.025
"2019","NJ",8882.19
"1958","NM",886
"1959","NM",919
"1960","NM",954
"1961","NM",965
"1962","NM",979
"1963","NM",989
"1964","NM",1006
"1965","NM",1012
"1966","NM",1007
"1967","NM",1000
"1968","NM",994
"1969","NM",1011
"1970","NM",1017.055
"1971","NM",1053.737
"1972","NM",1078.697
"1973","NM",1105.529
"1974","NM",1131.309
"1975","NM",1159.944
"1976","NM",1189.295
"1977","NM",1215.72
"1978","NM",1238.034
"1979","NM",1284.722
"1980","NM",1309.4
"1981","NM",1332.748
"1982","NM",1363.823
"1983","NM",1394.361
"1984","NM",1416.717
"1985","NM",1438.361
"1986","NM",1462.729
"1987","NM",1478.52
"1988","NM",1490.337
"1989","NM",1503.901
"1990","NM",1519.933
"1991","NM",1547.115
"1992","NM",1580.75
"1993","NM",1614.937
"1994","NM",1653.329
"1995","NM",1682.417
"1996","NM",1706.151
"1997","NM",1722.939
"1998","NM",1733.535
"1999","NM",1739.844
"2000","NM",1821.204
"2001","NM",1831.69
"2002","NM",1855.309
"2003","NM",1877.574
"2004","NM",1903.808
"2005","NM",1932.274
"2006","NM",1962.137
"2007","NM",1990.07
"2008","NM",2010.662
"2009","NM",2036.802
"2010","NM",2064.552
"2011","NM",2080.45
"2012","NM",2087.309
"2013","NM",2092.273
"2014","NM",2089.568
"2015","NM",2089.291
"2016","NM",2091.63
"2017","NM",2091.784
"2018","NM",2092.741
"2019","NM",2096.829
"1958","NV",269
"1959","NV",279
"1960","NV",291
"1961","NV",315
"1962","NV",352
"1963","NV",397
"1964","NV",426
"1965","NV",444
"1966","NV",446
"1967","NV",449
"1968","NV",464
"1969","NV",480
"1970","NV",488.738
"1971","NV",520.018
"1972","NV",546.789
"1973","NV",568.991
"1974","NV",596.822
"1975","NV",619.972
"1976","NV",646.975
"1977","NV",678.333
"1978","NV",719.436
"1979","NV",765.367
"1980","NV",810.215
"1981","NV",847.655
"1982","NV",881.537
"1983","NV",901.977
"1984","NV",924.922
"1985","NV",951.03
"1986","NV",980.613
"1987","NV",1023.376
"1988","NV",1075.022
"1989","NV",1137.382
"1990","NV",1218.629
"1991","NV",1285.046
"1992","NV",1330.694
"1993","NV",1380.197
"1994","NV",1456.388
"1995","NV",1525.777
"1996","NV",1596.476
"1997","NV",1675.581
"1998","NV",1743.772
"1999","NV",1809.253
"2000","NV",2018.741
"2001","NV",2098.399
"2002","NV",2173.791
"2003","NV",2248.85
"2004","NV",2346.222
"2005","NV",2432.143
"2006","NV",2522.658
"2007","NV",2601.072
"2008","NV",2653.63
"2009","NV",2684.665
"2010","NV",2702.405
"2011","NV",2712.73
"2012","NV",2743.996
"2013","NV",2775.97
"2014","NV",2817.628
"2015","NV",2866.939
"2016","NV",2917.563
"2017","NV",2969.905
"2018","NV",3027.341
"2019","NV",3080.156
"1958","NY",16601
"1959","NY",16685
"1960","NY",16838
"1961","NY",17061
"1962","NY",17301
"1963","NY",17461
"1964","NY",17589
"1965","NY",17734
"1966","NY",17843
"1967","NY",17935
"1968","NY",18051
"1969","NY",18105
"1970","NY",18241.391
"1971","NY",18357.982
"1972","NY",18339.4
"1973","NY",18177.063
"1974","NY",18049.775
"1975","NY",18003.485
"1976","NY",17940.541
"1977","NY",17812.602
"1978","NY",17680.589
"1979","NY",17583.838
"1980","NY",17566.754
"1981","NY",17567.734
"1982","NY",17589.738
"1983","NY",17686.905
"1984","NY",17745.684
"1985","NY",17791.672
"1986","NY",17833.419
"1987","NY",17868.848
"1988","NY",17941.309
"1989","NY",17983.086
"1990","NY",18002.855
"1991","NY",18029.532
"1992","NY",18082.032
"1993","NY",18140.894
"1994","NY",18156.652
"1995","NY",18150.928
"1996","NY",18143.805
"1997","NY",18143.184
"1998","NY",18159.175
"1999","NY",18196.601
"2000","NY",19001.78
"2001","NY",19082.838
"2002","NY",19137.8
"2003","NY",19175.939
"2004","NY",19171.567
"2005","NY",19132.61
"2006","NY",19104.631
"2007","NY",19132.335
"2008","NY",19212.436
"2009","NY",19307.066
"2010","NY",19399.878
"2011","NY",19499.241
"2012","NY",19572.932
"2013","NY",19624.447
"2014","NY",19651.049
"2015","NY",19654.666
"2016","NY",19633.428
"2017","NY",19589.572
"2018","NY",19530.351
"2019","NY",19453.561
"1958","OH",9599
"1959","OH",9671
"1960","OH",9734
"1961","OH",9854
"1962","OH",9929
"1963","OH",9986
"1964","OH",10080
"1965","OH",10201
"1966","OH",10330
"1967","OH",10414
"1968","OH",10516
"1969","OH",10563
"1970","OH",10657.423
"1971","OH",10734.818
"1972","OH",10746.993
"1973","OH",10767.314
"1974","OH",10765.759
"1975","OH",10770.425
"1976","OH",10752.662
"1977","OH",10771.394
"1978","OH",10795.581
"1979","OH",10798.298
"1980","OH",10800.65
"1981","OH",10788.33
"1982","OH",10757.087
"1983","OH",10737.632
"1984","OH",10737.746
"1985","OH",10734.926
"1986","OH",10730.268
"1987","OH",10760.09
"1988","OH",10798.552
"1989","OH",10829.217
"1990","OH",10861.837
"1991","OH",10933.683
"1992","OH",11007.609
"1993","OH",11070.385
"1994","OH",11111.451
"1995","OH",11155.493
"1996","OH",11187.032
"1997","OH",11212.498
"1998","OH",11237.752
"1999","OH",11256.654
"2000","OH",11363.543
"2001","OH",11387.404
"2002","OH",11407.889
"2003","OH",11434.788
"2004","OH",11452.251
"2005","OH",11463.32
"2006","OH",11481.213
"2007","OH",11500.468
"2008","OH",11515.391
"2009","OH",11528.896
"2010","OH",11539.336
"2011","OH",11544.663
"2012","OH",11548.923
"2013","OH",11576.684
"2014","OH",11602.7
"2015","OH",11617.527
"2016","OH",11634.37
"2017","OH",11659.65
"2018","OH",11676.341
"2019","OH",11689.1
"1958","OK",2267
"1959","OK",2289
"1960","OK",2336
"1961","OK",2380
"1962","OK",2427
"1963","OK",2439
"1964","OK",2446
"1965","OK",2440
"1966","OK",2454
"1967","OK",2489
"1968","OK",2503
"1969","OK",2535
"1970","OK",2559.463
"1971","OK",2618.601
"1972","OK",2658.646
"1973","OK",2695.931
"1974","OK",2734.768
"1975","OK",2774.683
"1976","OK",2826.815
"1977","OK",2870.014
"1978","OK",2917.336
"1979","OK",2975.31
"1980","OK",3040.758
"1981","OK",3096.164
"1982","OK",3206.123
"1983","OK",3290.402
"1984","OK",3285.533
"1985","OK",3271.332
"1986","OK",3252.735
"1987","OK",3210.122
"1988","OK",3167.057
"1989","OK",3150.307
"1990","OK",3147.105
"1991","OK",3166.471
"1992","OK",3204.174
"1993","OK",3228.829
"1994","OK",3246.119
"1995","OK",3265.547
"1996","OK",3289.634
"1997","OK",3314.259
"1998","OK",3339.478
"1999","OK",3358.044
"2000","OK",3454.365
"2001","OK",3467.1
"2002","OK",3489.08
"2003","OK",3504.892
"2004","OK",3525.233
"2005","OK",3548.597
"2006","OK",3594.09
"2007","OK",3634.349
"2008","OK",3668.976
"2009","OK",3717.572
"2010","OK",3759.944
"2011","OK",3788.379
"2012","OK",3818.814
"2013","OK",3853.214
"2014","OK",3878.187
"2015","OK",3909.5
"2016","OK",3926.331
"2017","OK",3931.316
"2018","OK",3940.235
"2019","OK",3956.971
"1958","OR",1718
"1959","OR",1746
"1960","OR",1772
"1961","OR",1787
"1962","OR",1818
"1963","OR",1853
"1964","OR",1888
"1965","OR",1937
"1966","OR",1969
"1967","OR",1979
"1968","OR",2004
"1969","OR",2062
"1970","OR",2091.533
"1971","OR",2151.022
"1972","OR",2197.297
"1973","OR",2241.932
"1974","OR",2285.013
"1975","OR",2329.661
"1976","OR",2378.262
"1977","OR",2446.673
"1978","OR",2518.298
"1979","OR",2588.012
"1980","OR",2641.218
"1981","OR",2667.982
"1982","OR",2664.922
"1983","OR",2653.066
"1984","OR",2666.588
"1985","OR",2672.652
"1986","OR",2683.528
"1987","OR",2700.991
"1988","OR",2741.297
"1989","OR",2790.575
"1990","OR",2858.547
"1991","OR",2918.745
"1992","OR",2973.934
"1993","OR",3034.49
"1994","OR",3087.142
"1995","OR",3141.421
"1996","OR",3195.087
"1997","OR",3243.254
"1998","OR",3282.055
"1999","OR",3316.154
"2000","OR",3429.708
"2001","OR",3467.937
"2002","OR",3513.424
"2003","OR",3547.376
"2004","OR",3569.463
"2005","OR",3613.202
"2006","OR",3670.883
"2007","OR",3722.417
"2008","OR",3768.748
"2009","OR",3808.6
"2010","OR",3837.491
"2011","OR",3872.036
"2012","OR",3899.001
"2013","OR",3922.468
"2014","OR",3963.244
"2015","OR",4015.792
"2016","OR",4089.976
"2017","OR",4143.625
"2018","OR",4181.886
"2019","OR",4217.737
"1958","PA",11058
"1959","PA",11234
"1960","PA",11329
"1961","PA",11392
"1962","PA",11355
"1963","PA",11424
"1964","PA",11519
"1965","PA",11620
"1966","PA",11664
"1967","PA",11681
"1968","PA",11741
"1969","PA",11741
"1970","PA",11800.766
"1971","PA",11886.4
"1972","PA",11908.233
"1973","PA",11890.527
"1974","PA",11870.884
"1975","PA",11906.095
"1976","PA",11897.378
"1977","PA",11893.591
"1978","PA",11879.396
"1979","PA",11887.975
"1980","PA",11868.305
"1981","PA",11858.567
"1982","PA",11845.146
"1983","PA",11837.723
"1984","PA",11815.172
"1985","PA",11770.862
"1986","PA",11782.752
"1987","PA",11810.866
"1988","PA",11845.752
"1989","PA",11865.996
"1990","PA",11895.604
"1991","PA",11943.16
"1992","PA",11980.819
"1993","PA",12022.128
"1994","PA",12042.545
"1995","PA",12044.78
"1996","PA",12038.008
"1997","PA",12015.888
"1998","PA",12002.329
"1999","PA",11994.016
"2000","PA",12284.173
"2001","PA",12298.97
"2002","PA",12331.031
"2003","PA",12374.658
"2004","PA",12410.722
"2005","PA",12449.99
"2006","PA",12510.809
"2007","PA",12563.937
"2008","PA",12612.285
"2009","PA",12666.858
"2010","PA",12711.16
"2011","PA",12745.815
"2012","PA",12767.118
"2013","PA",12776.309
"2014","PA",12788.313
"2015","PA",12784.826
"2016","PA",12782.275
"2017","PA",12787.641
"2018","PA",12800.922
"2019","PA",12801.989
"1958","RI",858
"1959","RI",857
"1960","RI",855
"1961","RI",858
"1962","RI",871
"1963","RI",876
"1964","RI",885
"1965","RI",893
"1966","RI",899
"1967","RI",909
"1968","RI",922
"1969","RI",932
"1970","RI",949.723
"1971","RI",963.107
"1972","RI",974.79
"1973","RI",975.738
"1974","RI",950.615
"1975","RI",942.788
"1976","RI",946.089
"1977","RI",950.23
"1978","RI",951.816
"1979","RI",950.382
"1980","RI",948.773
"1981","RI",953.013
"1982","RI",954.17
"1983","RI",956.382
"1984","RI",961.894
"1985","RI",968.955
"1986","RI",977.341
"1987","RI",989.604
"1988","RI",996.408
"1989","RI",1000.666
"1990","RI",1004.649
"1991","RI",1003.99
"1992","RI",1000.571
"1993","RI",997.852
"1994","RI",993.412
"1995","RI",989.203
"1996","RI",987.858
"1997","RI",986.966
"1998","RI",987.704
"1999","RI",990.819
"2000","RI",1050.268
"2001","RI",1057.142
"2002","RI",1065.995
"2003","RI",1071.342
"2004","RI",1074.579
"2005","RI",1067.916
"2006","RI",1063.096
"2007","RI",1057.315
"2008","RI",1055.003
"2009","RI",1053.646
"2010","RI",1053.959
"2011","RI",1053.649
"2012","RI",1054.621
"2013","RI",1055.081
"2014","RI",1055.936
"2015","RI",1056.065
"2016","RI",1056.77
"2017","RI",1055.673
"2018","RI",1058.287
"2019","RI",1059.361
"1958","SC",2304
"1959","SC",2348
"1960","SC",2392
"1961","SC",2409
"1962","SC",2423
"1963","SC",2460
"1964","SC",2475
"1965","SC",2494
"1966","SC",2520
"1967","SC",2533
"1968","SC",2559
"1969","SC",2570
"1970","SC",2590.713
"1971","SC",2662.269
"1972","SC",2719.197
"1973","SC",2776.605
"1974","SC",2844.749
"1975","SC",2902.028
"1976","SC",2943.657
"1977","SC",2991.681
"1978","SC",3044.364
"1979","SC",3090.267
"1980","SC",3134.502
"1981","SC",3179.255
"1982","SC",3207.614
"1983","SC",3234.066
"1984","SC",3271.868
"1985","SC",3303.209
"1986","SC",3342.758
"1987","SC",3380.506
"1988","SC",3412.096
"1989","SC",3456.775
"1990","SC",3499.064
"1991","SC",3559.47
"1992","SC",3600.576
"1993","SC",3634.507
"1994","SC",3666.456
"1995","SC",3699.943
"1996","SC",3738.974
"1997","SC",3790.066
"1998","SC",3839.578
"1999","SC",3885.736
"2000","SC",4024.223
"2001","SC",4064.995
"2002","SC",4107.795
"2003","SC",4150.297
"2004","SC",4210.921
"2005","SC",4270.15
"2006","SC",4357.847
"2007","SC",4444.11
"2008","SC",4528.996
"2009","SC",4589.872
"2010","SC",4635.649
"2011","SC",4671.994
"2012","SC",4717.354
"2013","SC",4764.08
"2014","SC",4823.617
"2015","SC",4891.938
"2016","SC",4957.968
"2017","SC",5021.268
"2018","SC",5084.156
"2019","SC",5148.714
"1958","SD",656
"1959","SD",667
"1960","SD",683
"1961","SD",693
"1962","SD",705
"1963","SD",708
"1964","SD",701
"1965","SD",692
"1966","SD",683
"1967","SD",671
"1968","SD",669
"1969","SD",668
"1970","SD",666.257
"1971","SD",671.297
"1972","SD",677.234
"1973","SD",678.715
"1974","SD",679.585
"1975","SD",681.042
"1976","SD",686.39
"1977","SD",688.48
"1978","SD",688.58
"1979","SD",688.335
"1980","SD",690.851
"1981","SD",689.584
"1982","SD",690.597
"1983","SD",693.008
"1984","SD",697.249
"1985","SD",698.402
"1986","SD",696.034
"1987","SD",696.036
"1988","SD",698.165
"1989","SD",696.701
"1990","SD",696.667
"1991","SD",701.445
"1992","SD",708.698
"1993","SD",716.258
"1994","SD",723.038
"1995","SD",728.251
"1996","SD",730.699
"1997","SD",730.855
"1998","SD",730.789
"1999","SD",733.133
"2000","SD",755.844
"2001","SD",757.972
"2002","SD",760.02
"2003","SD",763.729
"2004","SD",770.396
"2005","SD",775.493
"2006","SD",783.033
"2007","SD",791.623
"2008","SD",799.124
"2009","SD",807.067
"2010","SD",816.166
"2011","SD",823.579
"2012","SD",833.566
"2013","SD",842.316
"2014","SD",849.129
"2015","SD",853.988
"2016","SD",862.996
"2017","SD",872.868
"2018","SD",878.698
"2019","SD",884.659
"1958","TN",3471
"1959","TN",3522
"1960","TN",3575
"1961","TN",3622
"1962","TN",3673
"1963","TN",3718
"1964","TN",3771
"1965","TN",3798
"1966","TN",3822
"1967","TN",3859
"1968","TN",3878
"1969","TN",3897
"1970","TN",3926.018
"1971","TN",4013.608
"1972","TN",4094.611
"1973","TN",4147.401
"1974","TN",4213.509
"1975","TN",4275.566
"1976","TN",4346.928
"1977","TN",4422.921
"1978","TN",4486.314
"1979","TN",4560.473
"1980","TN",4600.252
"1981","TN",4627.658
"1982","TN",4646.041
"1983","TN",4659.749
"1984","TN",4686.737
"1985","TN",4715.296
"1986","TN",4738.708
"1987","TN",4782.927
"1988","TN",4822.437
"1989","TN",4854.444
"1990","TN",4890.626
"1991","TN",4946.886
"1992","TN",5013.999
"1993","TN",5085.666
"1994","TN",5163.016
"1995","TN",5241.168
"1996","TN",5313.576
"1997","TN",5378.433
"1998","TN",5432.679
"1999","TN",5483.535
"2000","TN",5703.719
"2001","TN",5750.789
"2002","TN",5795.918
"2003","TN",5847.812
"2004","TN",5910.809
"2005","TN",5991.057
"2006","TN",6088.766
"2007","TN",6175.727
"2008","TN",6247.411
"2009","TN",6306.019
"2010","TN",6355.311
"2011","TN",6399.291
"2012","TN",6453.898
"2013","TN",6494.34
"2014","TN",6541.223
"2015","TN",6591.17
"2016","TN",6646.01
"2017","TN",6708.799
"2018","TN",6771.631
"2019","TN",6829.174
"1958","TX",9252
"1959","TX",9405
"1960","TX",9624
"1961","TX",9820
"1962","TX",10053
"1963","TX",10159
"1964","TX",10270
"1965","TX",10378
"1966","TX",10492
"1967","TX",10599
"1968","TX",10819
"1969","TX",11045
"1970","TX",11198.655
"1971","TX",11509.848
"1972","TX",11759.148
"1973","TX",12019.543
"1974","TX",12268.629
"1975","TX",12568.843
"1976","TX",12904.089
"1977","TX",13193.05
"1978","TX",13500.429
"1979","TX",13888.371
"1980","TX",14338.208
"1981","TX",14746.318
"1982","TX",15331.415
"1983","TX",15751.676
"1984","TX",16007.086
"1985","TX",16272.734
"1986","TX",16561.113
"1987","TX",16621.791
"1988","TX",16667.022
"1989","TX",16806.735
"1990","TX",17044.714
"1991","TX",17339.904
"1992","TX",17650.479
"1993","TX",17996.764
"1994","TX",18338.319
"1995","TX",18679.706
"1996","TX",19006.24
"1997","TX",19355.427
"1998","TX",19712.389
"1999","TX",20044.141
"2000","TX",20944.499
"2001","TX",21319.622
"2002","TX",21690.325
"2003","TX",22030.931
"2004","TX",22394.023
"2005","TX",22778.123
"2006","TX",23359.58
"2007","TX",23831.983
"2008","TX",24309.039
"2009","TX",24801.761
"2010","TX",25241.971
"2011","TX",25645.629
"2012","TX",26084.481
"2013","TX",26480.266
"2014","TX",26964.333
"2015","TX",27470.056
"2016","TX",27914.41
"2017","TX",28295.273
"2018","TX",28628.666
"2019","TX",28995.881
"1958","UT",845
"1959","UT",870
"1960","UT",900
"1961","UT",936
"1962","UT",958
"1963","UT",974
"1964","UT",978
"1965","UT",994
"1966","UT",1009
"1967","UT",1019
"1968","UT",1029
"1969","UT",1047
"1970","UT",1059.273
"1971","UT",1101.192
"1972","UT",1135.449
"1973","UT",1170.04
"1974","UT",1200.471
"1975","UT",1236.03
"1976","UT",1274.928
"1977","UT",1319.512
"1978","UT",1367.51
"1979","UT",1420.238
"1980","UT",1472.595
"1981","UT",1515.471
"1982","UT",1558.314
"1983","UT",1594.943
"1984","UT",1622.342
"1985","UT",1642.91
"1986","UT",1662.834
"1987","UT",1678.119
"1988","UT",1689.372
"1989","UT",1705.864
"1990","UT",1729.722
"1991","UT",1771.941
"1992","UT",1821.498
"1993","UT",1875.993
"1994","UT",1930.436
"1995","UT",1976.774
"1996","UT",2022.253
"1997","UT",2065.397
"1998","UT",2100.562
"1999","UT",2129.836
"2000","UT",2244.502
"2001","UT",2283.715
"2002","UT",2324.815
"2003","UT",2360.137
"2004","UT",2401.58
"2005","UT",2457.719
"2006","UT",2525.507
"2007","UT",2597.746
"2008","UT",2663.029
"2009","UT",2723.421
"2010","UT",2775.332
"2011","UT",2814.384
"2012","UT",2853.375
"2013","UT",2897.64
"2014","UT",2936.879
"2015","UT",2981.835
"2016","UT",3041.868
"2017","UT",3101.042
"2018","UT",3153.55
"2019","UT",3205.958
"1958","VA",3914
"1959","VA",3951
"1960","VA",3986
"1961","VA",4095
"1962","VA",4180
"1963","VA",4276
"1964","VA",4357
"1965","VA",4411
"1966","VA",4456
"1967","VA",4508
"1968","VA",4558
"1969","VA",4614
"1970","VA",4651.448
"1971","VA",4750.838
"1972","VA",4824.472
"1973","VA",4901.292
"1974","VA",4971.069
"1975","VA",5047.395
"1976","VA",5121.863
"1977","VA",5193.112
"1978","VA",5270.24
"1979","VA",5307.945
"1980","VA",5368.334
"1981","VA",5444.097
"1982","VA",5492.783
"1983","VA",5564.657
"1984","VA",5643.87
"1985","VA",5715.153
"1986","VA",5811.7
"1987","VA",5932.268
"1988","VA",6036.909
"1989","VA",6120.246
"1990","VA",6213.526
"1991","VA",6283.853
"1992","VA",6383.315
"1993","VA",6464.795
"1994","VA",6536.771
"1995","VA",6601.392
"1996","VA",6665.491
"1997","VA",6732.878
"1998","VA",6789.225
"1999","VA",6872.912
"2000","VA",7105.817
"2001","VA",7198.362
"2002","VA",7286.873
"2003","VA",7366.977
"2004","VA",7475.575
"2005","VA",7577.105
"2006","VA",7673.725
"2007","VA",7751
"2008","VA",7833.496
"2009","VA",7925.937
"2010","VA",8023.699
"2011","VA",8101.155
"2012","VA",8185.08
"2013","VA",8252.427
"2014","VA",8310.993
"2015","VA",8361.808
"2016","VA",8410.106
"2017","VA",8463.587
"2018","VA",8501.286
"2019","VA",8535.519
"1958","VT",380
"1959","VT",387
"1960","VT",389
"1961","VT",390
"1962","VT",393
"1963","VT",397
"1964","VT",399
"1965","VT",404
"1966","VT",413
"1967","VT",423
"1968","VT",430
"1969","VT",437
"1970","VT",444.732
"1971","VT",454.318
"1972","VT",463.143
"1973","VT",468.43
"1974","VT",473.002
"1975","VT",479.713
"1976","VT",484.928
"1977","VT",491.931
"1978","VT",498.109
"1979","VT",505.372
"1980","VT",512.524
"1981","VT",515.594
"1982","VT",519.109
"1983","VT",523.302
"1984","VT",526.66
"1985","VT",530.035
"1986","VT",534.066
"1987","VT",540.267
"1988","VT",549.763
"1989","VT",557.707
"1990","VT",564.526
"1991","VT",567.141
"1992","VT",570.115
"1993","VT",574.004
"1994","VT",578.9
"1995","VT",582.827
"1996","VT",586.352
"1997","VT",588.665
"1998","VT",590.579
"1999","VT",593.74
"2000","VT",609.618
"2001","VT",612.223
"2002","VT",615.442
"2003","VT",617.858
"2004","VT",619.92
"2005","VT",621.215
"2006","VT",622.892
"2007","VT",623.481
"2008","VT",624.151
"2009","VT",624.817
"2010","VT",625.879
"2011","VT",627.049
"2012","VT",626.09
"2013","VT",626.21
"2014","VT",625.214
"2015","VT",625.216
"2016","VT",623.657
"2017","VT",624.344
"2018","VT",624.358
"2019","VT",623.989
"1958","WA",2773
"1959","WA",2821
"1960","WA",2855
"1961","WA",2882
"1962","WA",2942
"1963","WA",2955
"1964","WA",2961
"1965","WA",2967
"1966","WA",3057
"1967","WA",3174
"1968","WA",3270
"1969","WA",3343
"1970","WA",3413.244
"1971","WA",3447.553
"1972","WA",3447.885
"1973","WA",3478.782
"1974","WA",3549.946
"1975","WA",3621.339
"1976","WA",3693.61
"1977","WA",3776.05
"1978","WA",3889.073
"1979","WA",4017.632
"1980","WA",4154.678
"1981","WA",4235.731
"1982","WA",4276.552
"1983","WA",4300.266
"1984","WA",4343.656
"1985","WA",4400.098
"1986","WA",4452.72
"1987","WA",4531.901
"1988","WA",4639.893
"1989","WA",4746.316
"1990","WA",4900.78
"1991","WA",5013.443
"1992","WA",5139.011
"1993","WA",5247.704
"1994","WA",5334.896
"1995","WA",5431.024
"1996","WA",5509.963
"1997","WA",5604.105
"1998","WA",5687.832
"1999","WA",5756.361
"2000","WA",5910.512
"2001","WA",5985.722
"2002","WA",6052.349
"2003","WA",6104.115
"2004","WA",6178.645
"2005","WA",6257.305
"2006","WA",6370.753
"2007","WA",6461.587
"2008","WA",6562.231
"2009","WA",6667.426
"2010","WA",6742.83
"2011","WA",6826.627
"2012","WA",6897.058
"2013","WA",6963.985
"2014","WA",7054.655
"2015","WA",7163.657
"2016","WA",7294.771
"2017","WA",7423.362
"2018","WA",7523.869
"2019","WA",7614.893
"1958","WI",3843
"1959","WI",3891
"1960","WI",3962
"1961","WI",4009
"1962","WI",4049
"1963","WI",4112
"1964","WI",4165
"1965","WI",4232
"1966","WI",4274
"1967","WI",4303
"1968","WI",4345
"1969","WI",4378
"1970","WI",4417.821
"1971","WI",4462.155
"1972","WI",4502.412
"1973","WI",4524.244
"1974","WI",4545.782
"1975","WI",4578.986
"1976","WI",4595.904
"1977","WI",4626.514
"1978","WI",4646.108
"1979","WI",4682.811
"1980","WI",4712.045
"1981","WI",4726.343
"1982","WI",4728.87
"1983","WI",4721.438
"1984","WI",4735.563
"1985","WI",4747.767
"1986","WI",4755.618
"1987","WI",4777.919
"1988","WI",4822.388
"1989","WI",4856.574
"1990","WI",4902.265
"1991","WI",4952.675
"1992","WI",5004.636
"1993","WI",5055.318
"1994","WI",5095.504
"1995","WI",5137.004
"1996","WI",5173.828
"1997","WI",5200.235
"1998","WI",5222.124
"1999","WI",5250.446
"2000","WI",5373.999
"2001","WI",5406.835
"2002","WI",5445.162
"2003","WI",5479.203
"2004","WI",5514.026
"2005","WI",5546.166
"2006","WI",5577.655
"2007","WI",5610.775
"2008","WI",5640.996
"2009","WI",5669.264
"2010","WI",5690.475
"2011","WI",5705.288
"2012","WI",5719.96
"2013","WI",5736.754
"2014","WI",5751.525
"2015","WI",5760.94
"2016","WI",5772.628
"2017","WI",5790.186
"2018","WI",5807.406
"2019","WI",5822.434
"1958","WV",1845
"1959","WV",1855
"1960","WV",1853
"1961","WV",1828
"1962","WV",1809
"1963","WV",1796
"1964","WV",1797
"1965","WV",1786
"1966","WV",1775
"1967","WV",1769
"1968","WV",1763
"1969","WV",1746
"1970","WV",1744.237
"1971","WV",1770.657
"1972","WV",1797.648
"1973","WV",1806.36
"1974","WV",1815.447
"1975","WV",1842.25
"1976","WV",1879.503
"1977","WV",1908.088
"1978","WV",1923.395
"1979","WV",1942.146
"1980","WV",1951.349
"1981","WV",1954.124
"1982","WV",1949.604
"1983","WV",1945.061
"1984","WV",1927.697
"1985","WV",1906.831
"1986","WV",1882.35
"1987","WV",1857.585
"1988","WV",1830.215
"1989","WV",1806.568
"1990","WV",1792.481
"1991","WV",1798.212
"1992","WV",1805.462
"1993","WV",1816.179
"1994","WV",1818.49
"1995","WV",1820.56
"1996","WV",1818.983
"1997","WV",1815.588
"1998","WV",1811.688
"1999","WV",1806.928
"2000","WV",1807.021
"2001","WV",1801.481
"2002","WV",1805.414
"2003","WV",1812.295
"2004","WV",1816.438
"2005","WV",1820.492
"2006","WV",1827.912
"2007","WV",1834.052
"2008","WV",1840.31
"2009","WV",1847.775
"2010","WV",1854.239
"2011","WV",1856.301
"2012","WV",1856.872
"2013","WV",1853.914
"2014","WV",1849.489
"2015","WV",1842.05
"2016","WV",1831.023
"2017","WV",1817.004
"2018","WV",1804.291
"2019","WV",1792.147
"1958","WY",315
"1959","WY",320
"1960","WY",331
"1961","WY",337
"1962","WY",333
"1963","WY",336
"1964","WY",339
"1965","WY",332
"1966","WY",323
"1967","WY",322
"1968","WY",324
"1969","WY",329
"1970","WY",332.416
"1971","WY",340.285
"1972","WY",347.345
"1973","WY",354.061
"1974","WY",365.501
"1975","WY",381.695
"1976","WY",396.952
"1977","WY",413.354
"1978","WY",432.88
"1979","WY",454.378
"1980","WY",474.185
"1981","WY",491.712
"1982","WY",506.4
"1983","WY",510.345
"1984","WY",504.896
"1985","WY",499.695
"1986","WY",495.633
"1987","WY",476.965
"1988","WY",465.101
"1989","WY",458.374
"1990","WY",453.401
"1991","WY",457.739
"1992","WY",463.491
"1993","WY",469.033
"1994","WY",474.982
"1995","WY",478.447
"1996","WY",480.085
"1997","WY",480.031
"1998","WY",480.045
"1999","WY",479.602
"2000","WY",494.3
"2001","WY",494.657
"2002","WY",500.017
"2003","WY",503.453
"2004","WY",509.106
"2005","WY",514.157
"2006","WY",522.667
"2007","WY",534.876
"2008","WY",546.043
"2009","WY",559.851
"2010","WY",564.487
"2011","WY",567.299
"2012","WY",576.305
"2013","WY",582.122
"2014","WY",582.531
"2015","WY",585.613
"2016","WY",584.215
"2017","WY",578.931
"2018","WY",577.601
"2019","WY",578.759
